id,dataset,pretrain_id,preprocessing_norm,y_preprocessing,output_preprocesing,mean_filt,rescale,kr,min_subtraction,log_preprocessing,crop,split,shuffle,batch_size,num_workers,n_epochs,lr,weight_decay,w reg,milestones,gamma,loss,k,m,seed,act,inner_act,head_act,out_act,training_norm,use_node_features,use_edge_weights,use_edge_attr,node_transforms,edge_transforms,sparsify_threshold,sparsify_threshold_upper,max_diagonal,encoder_hidden_sizes,edge_encoder_hidden_sizes,input_L_to_D,input_L_to_D_mode,hidden_sizes,message_passing,update_hidden_sizes,head_architecture,head_hidden_sizes,sign_net,output_mode,Time (mins),Final Validation Loss,Regular Loss,Downsampling Loss,Upsampling Loss
434,dataset_04_28_23,,mean_fill,sweeprand_log_inf,log,,2,False,True,,,"[0.9, 0.1, 0.0]",True,1,4,80,0.0001,0.0,,[40],0.1,mse,8,512,42,leaky,leaky,leaky,leaky,,False,False,True,"['AdjPCs(k=8, normalize=False, sign_net=True)']","['ContactDistance(norm=False)', 'MeanContactDistance(norm=False)', 'MeanContactDistance(norm=False, bonded=True)']",,,,,,False,mean_dist,"[8, 8, 8, 8]",weighted_GAT,"[1000, 1000, 64]",bilinear+fc-fill_512,"[1000, 1000, 1000, 1000, 1000, 1000]",sign_plus,energy_sym_diag,396.0,0.269,8.818,8.417,
435,dataset_04_28_23,,mean_fill,sweeprand_log_inf,log,,2,False,True,,,"[0.9, 0.1, 0.0]",True,1,4,80,0.0001,0.0,,[40],0.1,mse,8,512,42,leaky,leaky,leaky,leaky,,False,False,True,['Constant(value=1.0)'],"['ContactDistance(norm=False)', 'GeneticDistance(norm=True)', 'MeanContactDistance(norm=False)', 'MeanContactDistance(norm=False, bonded=True)']",,,,,,False,mean_dist,"[8, 8, 8, 8]",weighted_GAT,"[1000, 1000, 64]",bilinear+fc-fill_512,"[1000, 1000, 1000, 1000, 1000, 1000]",,energy_sym_diag,233.0,0.299,8.59,10.024,
436,dataset_04_28_23,,mean_fill,sweeprand_log_inf,log,,2,False,True,,,"[0.9, 0.1, 0.0]",True,1,4,80,0.0001,0.0,,[40],0.1,mse,8,512,42,leaky,leaky,leaky,leaky,,False,False,True,"['AdjPCs(k=8, normalize=False, sign_net=True)']","['ContactDistance(norm=False)', 'GeneticDistance(norm=True)', 'MeanContactDistance(norm=False)', 'MeanContactDistance(norm=False, bonded=True)']",,,,,,False,mean_dist,"[8, 8, 8, 8]",GAT,"[1000, 1000, 64]",bilinear+fc-fill_512,"[1000, 1000, 1000, 1000, 1000, 1000]",sign_plus,energy_sym_diag,385.0,1.199,23.374,23.374,
437,dataset_04_28_23,,mean,sweeprand_log_inf,log,,2,False,True,,,"[0.9, 0.1, 0.0]",True,1,4,80,0.0001,0.0,,[40],0.1,mse,8,512,42,leaky,leaky,leaky,leaky,,False,False,True,"['AdjPCs(k=8, normalize=False, sign_net=True)']","['ContactDistance(norm=False)', 'GeneticDistance(norm=True)', 'MeanContactDistance(norm=False)', 'MeanContactDistance(norm=False, bonded=True)']",,,,,,False,mean_dist,"[8, 8, 8, 8]",weighted_GAT,"[1000, 1000, 64]",bilinear+fc-fill_512,"[1000, 1000, 1000, 1000, 1000, 1000]",sign_plus,energy_sym_diag,411.0,0.269,16.195,17.047,
438,dataset_04_28_23,,mean_fill,sweeprand_log_inf,log,,2,False,True,,,"[0.9, 0.1, 0.0]",True,1,4,80,0.0001,0.0,,[40],0.1,mse,8,512,42,leaky,leaky,leaky,leaky,,False,False,True,"['AdjPCs(k=8, normalize=False)']","['ContactDistance(norm=False)', 'GeneticDistance(norm=True)', 'MeanContactDistance(norm=False)', 'MeanContactDistance(norm=False, bonded=True)']",,,,,,False,mean_dist,"[8, 8, 8, 8]",weighted_GAT,"[1000, 1000, 64]",bilinear+fc-fill_512,"[1000, 1000, 1000, 1000, 1000, 1000]",,energy_sym_diag,231.0,0.305,9.732,9.746,
439,dataset_04_28_23,,mean_fill,sweeprand_log_inf,log,,1,False,True,,,"[0.9, 0.1, 0.0]",True,1,4,80,0.0001,0.0,,[40],0.1,mse,8,512,42,leaky,leaky,leaky,leaky,,False,False,True,"['AdjPCs(k=8, normalize=False, sign_net=True)']","['ContactDistance(norm=False)', 'GeneticDistance(norm=True)', 'MeanContactDistance(norm=False)', 'MeanContactDistance(norm=False, bonded=True)']",,,,,,False,mean_dist,"[8, 8, 8, 8]",weighted_GAT,"[1000, 1000, 64]",bilinear+fc-fill_512,"[1000, 1000, 1000, 1000, 1000, 1000]",sign_plus,energy_sym_diag,568.0,0.216,11.161,14.943,
440,dataset_04_28_23,,mean_fill,sweeprand_log_inf,log,,2,False,True,,,"[0.9, 0.1, 0.0]",True,1,4,80,0.0001,0.0,,[40],0.1,mse,8,512,42,leaky,leaky,leaky,leaky,,False,False,True,"['AdjPCs(k=8, normalize=False, sign_net=True)']","['ContactDistance(norm=False)', 'MeanContactDistance(norm=False)', 'MeanContactDistance(norm=False, bonded=True)']",,,,,,False,mean_dist,"[8, 8, 8, 8]",weighted_GAT,"[1000, 1000, 64]",bilinear+fc-fill_512,"[1000, 1000, 1000, 1000, 1000, 1000]",sign_plus,energy_sym,503.0,0.391,5.281,5.841,
441,dataset_04_28_23,,mean_fill,sweeprand_log_inf,log,,2,False,True,,,"[0.9, 0.1, 0.0]",True,1,4,80,0.0001,0.0,,[40],0.1,mse,8,512,42,leaky,leaky,leaky,leaky,,False,False,True,"['AdjPCs(k=8, normalize=False, sign_net=True)']","['ContactDistance(norm=False)', 'MeanContactDistance(norm=False)']",,,,,,False,mean_dist,"[8, 8, 8, 8]",weighted_GAT,"[1000, 1000, 64]",bilinear+fc-fill_512,"[1000, 1000, 1000, 1000, 1000, 1000]",sign_plus,energy_sym_diag,506.0,0.276,8.942,8.521,
442,dataset_04_28_23,,mean,sweeprand_log_inf,log,,2,False,True,,,"[0.9, 0.1, 0.0]",True,1,4,80,0.0001,0.0,,[40],0.1,mse,8,512,42,leaky,leaky,leaky,leaky,,False,False,True,"['AdjPCs(k=8, normalize=False, sign_net=True)']","['ContactDistance(norm=False)', 'MeanContactDistance(norm=False)', 'MeanContactDistance(norm=False, bonded=True)']",,,,,,False,mean_dist,"[8, 8, 8, 8]",weighted_GAT,"[1000, 1000, 64]",bilinear+fc-fill_512,"[1000, 1000, 1000, 1000, 1000, 1000]",sign_plus,energy_sym_diag,450.0,0.272,9.133,9.394,
443,dataset_04_28_23,,mean_fill,sweeprand_log_inf,log,,2,False,True,,,"[0.9, 0.1, 0.0]",True,1,4,80,0.0001,0.0,,[40],0.1,mse,8,512,42,leaky,leaky,leaky,leaky,,False,False,True,"['AdjPCs(k=8, normalize=False)']","['ContactDistance(norm=False)', 'MeanContactDistance(norm=False)', 'MeanContactDistance(norm=False, bonded=True)']",,,,,,False,mean_dist,"[8, 8, 8, 8]",weighted_GAT,"[1000, 1000, 64]",bilinear+fc-fill_512,"[1000, 1000, 1000, 1000, 1000, 1000]",,energy_sym_diag,266.0,0.303,9.914,10.335,
444,dataset_04_28_23,,mean_fill,sweeprand_log_inf,log,,2,False,True,,,"[0.9, 0.1, 0.0]",True,1,4,80,0.0001,0.0,,[40],0.1,mse,8,512,42,leaky,leaky,leaky,leaky,,False,False,True,"['AdjPCs(k=8, normalize=False, sign_net=True)']","['MeanContactDistance(norm=False)', 'MeanContactDistance(norm=False, bonded=True)']",,,,,,False,mean_dist,"[8, 8, 8, 8]",weighted_GAT,"[1000, 1000, 64]",bilinear+fc-fill_512,"[1000, 1000, 1000, 1000, 1000, 1000]",sign_plus,energy_sym_diag,451.0,0.441,10.938,13.369,
445,dataset_04_28_23,,mean_fill,sweeprand_log_inf,log,,2,False,True,,,"[0.9, 0.1, 0.0]",True,1,4,80,0.0001,0.0,,[40],0.1,mse,8,512,42,leaky,leaky,leaky,leaky,,False,False,True,"['AdjPCs(k=8, normalize=False, sign_net=True)']","['ContactDistance(norm=False)', 'MeanContactDistance(norm=False, bonded=True)']",,,,,,False,mean_dist,"[8, 8, 8, 8]",weighted_GAT,"[1000, 1000, 64]",bilinear+fc-fill_512,"[1000, 1000, 1000, 1000, 1000, 1000]",sign_plus,energy_sym_diag,395.0,0.273,8.973,9.246,
446,dataset_04_28_23,,mean_fill,sweeprand_log_inf,log,,2,False,True,,,"[0.9, 0.1, 0.0]",True,1,4,80,0.0001,0.0,,[40],0.1,mse,8,512,42,leaky,leaky,leaky,leaky,,False,False,True,"['AdjPCs(k=8, normalize=False, sign_net=True)']","['ContactDistance(norm=False)', 'MeanContactDistance(norm=False)', 'MeanContactDistance(norm=False, bonded=True)']",,,,,,False,mean_dist,"[8, 8, 8, 8]",weighted_GAT,"[1000, 1000, 64]",bilinear+fc-fill_512,"[1000, 1000, 1000, 1000, 1000, 1000]",sign_plus,energy_sym_diag,444.0,0.258,11.755,11.54,
447,dataset_04_28_23,,mean_fill,sweeprand_log_inf,log,,2,False,True,,,"[0.9, 0.1, 0.0]",True,1,4,80,0.0001,0.0,,[40],0.1,mse,8,512,42,leaky,leaky,leaky,leaky,,False,False,True,['Constant(value=1.0)'],"['ContactDistance(norm=False)', 'MeanContactDistance(norm=False)', 'MeanContactDistance(norm=False, bonded=True)']",,,,,,False,mean_dist,"[8, 8, 8, 8]",weighted_GAT,"[1000, 1000, 64]",bilinear+fc-fill_512,"[1000, 1000, 1000, 1000, 1000, 1000]",,energy_sym_diag,221.0,0.311,9.443,10.558,
448,dataset_04_28_23,,mean_fill,sweeprand_log_inf,log,,2,False,True,,,"[0.9, 0.1, 0.0]",True,1,4,80,0.0001,0.0,,[40],0.1,mse,8,512,42,leaky,leaky,leaky,leaky,,False,False,True,"['AdjPCs(k=8, normalize=False, sign_net=True)']","['ContactDistance(norm=False)', 'MeanContactDistance(norm=False)', 'MeanContactDistance(norm=False, bonded=True)']",,,,,,False,mean_dist,"[8, 8, 8, 8]",GAT,"[1000, 1000, 64]",bilinear+fc-fill_512,"[1000, 1000, 1000, 1000, 1000, 1000]",sign_plus,energy_sym_diag,444.0,1.199,23.378,23.378,
449,dataset_04_28_23,,mean_fill,sweeprand_log_inf,log,,1,False,True,,,"[0.9, 0.1, 0.0]",True,1,4,80,0.0001,0.0,,[40],0.1,mse,8,512,42,leaky,leaky,leaky,leaky,,False,False,True,"['AdjPCs(k=8, normalize=False, sign_net=True)']","['ContactDistance(norm=False)', 'MeanContactDistance(norm=False)', 'MeanContactDistance(norm=False, bonded=True)']",,,,,,False,mean_dist,"[8, 8, 8, 8]",weighted_GAT,"[1000, 1000, 64]",bilinear+fc-fill_512,"[1000, 1000, 1000, 1000, 1000, 1000]",sign_plus,energy_sym_diag,597.0,0.219,11.882,11.042,
450,dataset_08_17_23,,mean_fill,sweeprand_log_inf,log,,2,False,True,,,"[0.9, 0.1, 0.0]",True,1,4,80,0.0001,0.0,,[40],0.1,mse,8,512,42,leaky,leaky,leaky,leaky,,False,False,True,"['AdjPCs(k=8, normalize=False, sign_net=True)']","['ContactDistance(norm=False)', 'MeanContactDistance(norm=False)', 'MeanContactDistance(norm=False, bonded=True)']",,,,,,False,mean_dist,"[8, 8, 8, 8]",weighted_GAT,"[1000, 1000, 64]",bilinear+fc-fill_512,"[1000, 1000, 1000, 1000, 1000, 1000]",sign_plus,energy_sym_diag,532.0,0.79,90738.66,121566.592,
451,dataset_08_25_23,,mean_fill,sweeprand_log_inf,log,,2,False,True,,,"[0.9, 0.1, 0.0]",True,1,4,80,0.0001,0.0,,[40],0.1,mse,8,512,42,leaky,leaky,leaky,leaky,,False,False,True,"['AdjPCs(k=8, normalize=False, sign_net=True)']","['ContactDistance(norm=False)', 'MeanContactDistance(norm=False)', 'MeanContactDistance(norm=False, bonded=True)']",,,,,,False,mean_dist,"[8, 8, 8, 8]",weighted_GAT,"[1000, 1000, 64]",bilinear+fc-fill_512,"[1000, 1000, 1000, 1000, 1000, 1000]",sign_plus,energy_sym_diag,462.0,0.622,2080.729,2372.255,
453,dataset_08_25_23,,mean,sweeprand_log_inf,log,,2,False,True,,,"[0.9, 0.1, 0.0]",True,1,4,80,0.0001,0.0,,[40],0.1,mse,8,512,42,leaky,leaky,leaky,leaky,,False,False,True,"['AdjPCs(k=8, normalize=False, sign_net=True)']","['ContactDistance(norm=False)', 'MeanContactDistance(norm=False)', 'MeanContactDistance(norm=False, bonded=True)']",,,,,,False,mean_dist,"[8, 8, 8, 8]",weighted_GAT,"[1000, 1000, 64]",bilinear+fc-fill_512,"[1000, 1000, 1000, 1000, 1000, 1000]",sign_plus,energy_sym_diag,417.0,0.606,2385.721,2574.925,
454,dataset_08_25_23,,mean_fill,sweeprand_log_inf,log,,2,False,True,,,"[0.9, 0.1, 0.0]",True,1,4,80,0.0001,0.0,,[40],0.1,mse,8,512,42,leaky,leaky,leaky,leaky,,False,False,True,"['AdjPCs(k=8, normalize=False)']","['ContactDistance(norm=False)', 'MeanContactDistance(norm=False)', 'MeanContactDistance(norm=False, bonded=True)']",,,,,,False,mean_dist,"[8, 8, 8, 8]",weighted_GAT,"[1000, 1000, 64]",bilinear+fc-fill_512,"[1000, 1000, 1000, 1000, 1000, 1000]",,energy_sym_diag,237.0,0.653,2380.721,2476.242,
455,dataset_04_28_23,,mean_fill,sweeprand_log_inf,center_log,,2,False,True,,,"[0.9, 0.1, 0.0]",True,1,4,80,0.0001,0.0,,[40],0.1,mse,8,512,42,leaky,leaky,leaky,leaky,,False,False,True,"['AdjPCs(k=8, normalize=False, sign_net=True)']","['ContactDistance(norm=False)', 'MeanContactDistance(norm=False)', 'MeanContactDistance(norm=False, bonded=True)']",,,,,,False,mean_dist,"[8, 8, 8, 8]",weighted_GAT,"[1000, 1000, 64]",bilinear+fc-fill_512,"[1000, 1000, 1000, 1000, 1000, 1000]",sign_plus,energy_sym_diag,499.0,0.457,0.449,0.621,
456,dataset_04_28_23,,mean_fill,sweeprand_log_inf,center,,2,False,True,,,"[0.9, 0.1, 0.0]",True,1,4,80,0.0001,0.0,,[40],0.1,mse,8,512,42,leaky,leaky,leaky,leaky,,False,False,True,"['AdjPCs(k=8, normalize=False, sign_net=True)']","['ContactDistance(norm=False)', 'MeanContactDistance(norm=False)', 'MeanContactDistance(norm=False, bonded=True)']",,,,,,False,mean_dist,"[8, 8, 8, 8]",weighted_GAT,"[1000, 1000, 64]",bilinear+fc-fill_512,"[1000, 1000, 1000, 1000, 1000, 1000]",sign_plus,energy_sym_diag,483.0,4.658,4.542,5.301,
457,dataset_08_25_23,,mean_fill,sweeprand_log_inf,center_log,,2,False,True,,,"[0.9, 0.1, 0.0]",True,1,4,80,0.0001,0.0,,[40],0.1,mse,8,512,42,leaky,leaky,leaky,leaky,,False,False,True,"['AdjPCs(k=8, normalize=False, sign_net=True)']","['ContactDistance(norm=False)', 'MeanContactDistance(norm=False)', 'MeanContactDistance(norm=False, bonded=True)']",,,,,,False,mean_dist,"[8, 8, 8, 8]",weighted_GAT,"[1000, 1000, 64]",bilinear+fc-fill_512,"[1000, 1000, 1000, 1000, 1000, 1000]",sign_plus,energy_sym_diag,467.0,2.708,2.489,2.774,
458,dataset_04_28_23,,mean_fill,sweeprand_log_inf,center_norm_log,,2,False,True,,,"[0.9, 0.1, 0.0]",True,1,4,80,0.0001,0.0,,[40],0.1,mse,8,512,42,leaky,leaky,leaky,leaky,,False,False,True,"['AdjPCs(k=8, normalize=False, sign_net=True)']","['ContactDistance(norm=False)', 'MeanContactDistance(norm=False)', 'MeanContactDistance(norm=False, bonded=True)']",,,,,,False,mean_dist,"[8, 8, 8, 8]",weighted_GAT,"[1000, 1000, 64]",bilinear+fc-fill_512,"[1000, 1000, 1000, 1000, 1000, 1000]",sign_plus,energy_sym_diag,430.0,0.002,0.003,0.003,
459,dataset_04_28_23,,mean_fill,sweeprand_log_inf,norm_log,,2,False,True,,,"[0.9, 0.1, 0.0]",True,1,4,80,0.0001,0.0,,[40],0.1,mse,8,512,42,leaky,leaky,leaky,leaky,,False,False,True,"['AdjPCs(k=8, normalize=False, sign_net=True)']","['ContactDistance(norm=False)', 'MeanContactDistance(norm=False)', 'MeanContactDistance(norm=False, bonded=True)']",,,,,,False,mean_dist,"[8, 8, 8, 8]",weighted_GAT,"[1000, 1000, 64]",bilinear+fc-fill_512,"[1000, 1000, 1000, 1000, 1000, 1000]",sign_plus,energy_sym_diag,386.0,0.003,0.003,0.004,
460,dataset_08_25_23,,mean_fill,sweeprand_log_inf,center_norm_log,,2,False,True,,,"[0.9, 0.1, 0.0]",True,1,4,80,0.0001,0.0,,[40],0.1,mse,8,512,42,leaky,leaky,leaky,leaky,,False,False,True,"['AdjPCs(k=8, normalize=False, sign_net=True)']","['ContactDistance(norm=False)', 'MeanContactDistance(norm=False)', 'MeanContactDistance(norm=False, bonded=True)']",,,,,,False,mean_dist,"[8, 8, 8, 8]",weighted_GAT,"[1000, 1000, 64]",bilinear+fc-fill_512,"[1000, 1000, 1000, 1000, 1000, 1000]",sign_plus,energy_sym_diag,398.0,0.002,0.002,0.002,
461,dataset_08_25_23,434,mean_fill,sweeprand_log_inf,log,,2,False,True,,,"[0.9, 0.1, 0.0]",True,1,4,60,0.0001,0.0,,[30],0.1,mse,8,512,42,leaky,leaky,leaky,leaky,,False,False,True,"['AdjPCs(k=8, normalize=False, sign_net=True)']","['ContactDistance(norm=False)', 'MeanContactDistance(norm=False)', 'MeanContactDistance(norm=False, bonded=True)']",,,,,,False,mean_dist,"[8, 8, 8, 8]",weighted_GAT,"[1000, 1000, 64]",bilinear+fc-fill_512,"[1000, 1000, 1000, 1000, 1000, 1000]",sign_plus,energy_sym_diag,318.0,0.581,2029.716,2069.11,
462,dataset_08_25_23,,mean_fill,sweeprand_log_inf,log,,2,False,True,,,"[0.9, 0.1, 0.0]",True,1,4,80,0.0001,0.0,,[40],0.1,mse_and_mse_center,8,512,42,leaky,leaky,leaky,leaky,,False,False,True,"['AdjPCs(k=8, normalize=False, sign_net=True)']","['ContactDistance(norm=False)', 'MeanContactDistance(norm=False)', 'MeanContactDistance(norm=False, bonded=True)']",,,,,,False,mean_dist,"[8, 8, 8, 8]",weighted_GAT,"[1000, 1000, 64]",bilinear+fc-fill_512,"[1000, 1000, 1000, 1000, 1000, 1000]",sign_plus,energy_sym_diag,394.0,1.215,2186.904,2401.727,
463,dataset_04_28_23,,mean_fill,sweeprand_log_inf,log,,2,False,True,,,"[0.9, 0.1, 0.0]",True,1,4,80,0.0001,0.0,,[40],0.1,mse,8,512,42,leaky,leaky,leaky,leaky,,False,False,True,"['AdjPCs(k=8, normalize=False, sign_net=True)']","['ContactDistance(norm=False)', 'MeanContactDistance(norm=False)', 'MeanContactDistance(norm=False, bonded=True)']",,,,,,True,mean_dist,"[8, 8, 8, 8]",weighted_GAT,"[1000, 1000, 64]",bilinear+fc-fill_512,"[1000, 1000, 1000, 1000, 1000, 1000]",sign_plus,energy_sym_diag,983.0,0.752,28.578,128.89,
464,dataset_04_28_23,,mean_fill,sweeprand_log_inf,,,2,False,True,,,"[0.9, 0.1, 0.0]",True,1,4,80,0.0001,0.0,,[40],0.1,mse,8,512,42,leaky,leaky,leaky,leaky,,False,False,True,"['AdjPCs(k=8, normalize=False, sign_net=True)']","['ContactDistance(norm=False)', 'MeanContactDistance(norm=False)', 'MeanContactDistance(norm=False, bonded=True)']",,,,,,True,mean_dist,"[8, 8, 8, 8]",weighted_GAT,"[1000, 1000, 64]",bilinear+fc-fill_512,"[1000, 1000, 1000, 1000, 1000, 1000]",sign_plus,energy_sym_diag,964.0,10.506,10.195,11.574,
465,dataset_04_28_23,,mean_fill,sweeprand_log_inf,,,2,False,True,,,"[0.9, 0.1, 0.0]",True,1,4,80,0.0001,0.0,,[40],0.1,mse_and_mse_center,8,512,42,leaky,leaky,leaky,leaky,,False,False,True,"['AdjPCs(k=8, normalize=False, sign_net=True)']","['ContactDistance(norm=False)', 'MeanContactDistance(norm=False)', 'MeanContactDistance(norm=False, bonded=True)']",,,,,,True,mean_dist,"[8, 8, 8, 8]",weighted_GAT,"[1000, 1000, 64]",bilinear+fc-fill_512,"[1000, 1000, 1000, 1000, 1000, 1000]",sign_plus,energy_sym_diag,980.0,21.139,9.753,11.109,
466,dataset_08_25_23,,mean_fill,sweeprand_log_inf,log,,2,False,True,,,"[0.9, 0.1, 0.0]",True,1,4,80,0.0001,0.0,,[40],0.1,mse,8,512,42,leaky,leaky,leaky,leaky,,False,False,True,"['AdjPCs(k=8, normalize=False, sign_net=True)']","['ContactDistance(norm=False)', 'MeanContactDistance(norm=False)', 'MeanContactDistance(norm=False, bonded=True)']",,,,,,True,meandist,"[8, 8, 8, 8]",weighted_GAT,"[1000, 1000, 64]",bilinear+fc-fill_512,"[1000, 1000, 1000, 1000, 1000, 1000]",sign_plus,energy_sym_diag,1035.0,1.096,1959.462,2168.382,
467,dataset_04_28_23,,mean_fill,sweeprand_log_inf,log,,2,False,True,,,"[0.9, 0.1, 0.0]",True,1,4,80,0.0001,0.0,,[40],0.1,mse,8,512,42,leaky,leaky,leaky,leaky,,False,False,True,"['AdjPCs(k=8, normalize=False, sign_net=True)']","['ContactDistance(norm=False)', 'MeanContactDistance(norm=False)', 'MeanContactDistance(norm=False, bonded=True)']",,,,,,True,meandist_eigval,"[8, 8, 8, 8]",weighted_GAT,"[1000, 1000, 64]",bilinear+fc-fill_512,"[1000, 1000, 1000, 1000, 1000, 1000]",sign_plus,energy_sym_diag,1035.0,,,,
468,dataset_04_28_23,,mean_fill,sweeprand_log_inf,,,2,False,True,,,"[0.9, 0.1, 0.0]",True,1,4,80,0.0001,0.0,,[40],0.1,mse_log,8,512,42,leaky,leaky,leaky,leaky,,False,False,True,"['AdjPCs(k=8, normalize=False, sign_net=True)']","['ContactDistance(norm=False)', 'MeanContactDistance(norm=False)', 'MeanContactDistance(norm=False, bonded=True)']",,,,,,True,meandist_eigval,"[8, 8, 8, 8]",weighted_GAT,"[1000, 1000, 64]",bilinear+fc-fill_512,"[1000, 1000, 1000, 1000, 1000, 1000]",sign_plus,energy_sym_diag,1035.0,,,,
469,dataset_04_28_23,,mean_fill,sweeprand_log_inf,,,2,False,True,,,"[0.9, 0.1, 0.0]",True,1,4,80,0.0001,0.0,,[40],0.1,mse_log_and_mse_center_log,8,512,42,leaky,leaky,leaky,leaky,,False,False,True,"['AdjPCs(k=8, normalize=False, sign_net=True)']","['ContactDistance(norm=False)', 'MeanContactDistance(norm=False)', 'MeanContactDistance(norm=False, bonded=True)']",,,,,,True,meandist_eigval,"[8, 8, 8, 8]",weighted_GAT,"[1000, 1000, 64]",bilinear+fc-fill_512,"[1000, 1000, 1000, 1000, 1000, 1000]",sign_plus,energy_sym_diag,1035.0,,,,
470,dataset_04_28_23,,mean_fill,sweeprand_log_inf,,,2,False,True,,,"[0.9, 0.1, 0.0]",True,1,4,80,0.0001,0.0,,[40],0.1,mse_log,8,512,42,leaky,leaky,leaky,leaky,,False,False,True,"['AdjPCs(k=8, normalize=False, sign_net=True)']","['ContactDistance(norm=False)', 'MeanContactDistance(norm=False)', 'MeanContactDistance(norm=False, bonded=True)']",,,,,,False,meandist,"[8, 8, 8, 8]",weighted_GAT,"[1000, 1000, 64]",bilinear+fc-fill_512,"[1000, 1000, 1000, 1000, 1000, 1000]",sign_plus,energy_sym_diag,407.0,0.262,4.3,5.63,
471,dataset_04_28_23,,mean_fill,sweeprand_log_inf,,,2,False,True,,,"[0.9, 0.1, 0.0]",True,1,4,80,0.0001,0.0,,[40],0.1,mse_log,8,512,42,leaky,leaky,leaky,leaky,,False,False,True,"['AdjPCs(k=8, normalize=False, sign_net=True)']","['ContactDistance(norm=False)', 'MeanContactDistance(norm=False)', 'MeanContactDistance(norm=False, bonded=True)']",,,,,,True,meandist,"[8, 8, 8, 8]",weighted_GAT,"[1000, 1000, 64]",bilinear+fc-fill_512,"[1000, 1000, 1000, 1000, 1000, 1000]",sign_plus,energy_sym_diag,1228.0,0.438,7.702,9.129,
472,dataset_04_28_23,,mean_fill,sweeprand_log_inf,,,2,False,True,,,"[0.9, 0.1, 0.0]",True,1,4,80,0.0001,0.0,,[40],0.1,mse,8,512,42,leaky,leaky,leaky,leaky,,False,False,True,"['AdjPCs(k=8, normalize=False, sign_net=True)']","['ContactDistance(norm=False)', 'MeanContactDistance(norm=False)', 'MeanContactDistance(norm=False, bonded=True)']",,,,,,False,meandist,"[8, 8, 8, 8]",weighted_GAT,"[1000, 1000, 64]",bilinear+fc-fill_512,"[1000, 1000, 1000, 1000, 1000, 1000]",sign_plus,energy_sym_diag,588.0,5.18,5.473,6.596,
473,dataset_04_28_23,,mean_fill,sweeprand_log_inf,,,2,False,True,,,"[0.9, 0.1, 0.0]",True,1,4,60,1e-06,0.0,,[30],0.1,mse_log,8,512,42,leaky,leaky,leaky,leaky,,False,False,True,"['AdjPCs(k=8, normalize=False, sign_net=True)']","['ContactDistance(norm=False)', 'MeanContactDistance(norm=False)', 'MeanContactDistance(norm=False, bonded=True)']",,,,,,True,meandist,"[8, 8, 8, 8]",weighted_GAT,"[1000, 1000, 64]",bilinear+fc-fill_512,"[1000, 1000, 1000, 1000, 1000, 1000]",sign_plus,energy_sym_diag,382.0,0.738,14.354,15.004,
474,dataset_04_28_23,,mean_fill,sweeprand_log_inf,,,2,False,True,,,"[0.9, 0.1, 0.0]",True,1,4,60,1e-05,0.001,,[30],0.1,mse_log,8,512,42,leaky,leaky,leaky,leaky,,False,False,True,"['AdjPCs(k=8, normalize=False, sign_net=True)']","['ContactDistance(norm=False)', 'MeanContactDistance(norm=False)', 'MeanContactDistance(norm=False, bonded=True)']",,,,,,True,meandist,"[8, 8, 8, 8]",weighted_GAT,"[1000, 1000, 64]",bilinear+fc-fill_512,"[1000, 1000, 1000, 1000, 1000, 1000]",sign_plus,energy_sym_diag,816.0,0.627,11.88,13.779,
475,dataset_04_28_23,,mean_fill,sweeprand_log_inf,,,2,False,True,,,"[0.9, 0.1, 0.0]",True,1,4,60,1e-05,0.01,,[30],0.1,mse_log,8,512,42,leaky,leaky,leaky,leaky,,False,False,True,"['AdjPCs(k=8, normalize=False, sign_net=True)']","['ContactDistance(norm=False)', 'MeanContactDistance(norm=False)', 'MeanContactDistance(norm=False, bonded=True)']",,,,,,True,meandist,"[8, 8, 8, 8]",weighted_GAT,"[1000, 1000, 64]",bilinear+fc-fill_512,"[1000, 1000, 1000, 1000, 1000, 1000]",sign_plus,energy_sym_diag,836.0,0.897,16.371,17.372,
476,dataset_04_28_23,,mean_fill,sweeprand_log_inf,,,2,False,True,,,"[0.9, 0.1, 0.0]",True,1,4,60,0.0001,0.0,,[30],0.1,mse_log,8,512,42,leaky,leaky,leaky,leaky,,False,False,True,"['AdjPCs(k=8, normalize=False, sign_net=True)']","['ContactDistance(norm=False)', 'MeanContactDistance(norm=False)', 'MeanContactDistance(norm=False, bonded=True)']",,,,,,True,subtract,"[8, 8, 8, 8]",weighted_GAT,"[1000, 1000, 64]",bilinear+fc-fill_512,"[1000, 1000, 1000, 1000, 1000, 1000]",sign_plus,energy_sym_diag,914.0,0.275,5.151,5.778,
477,dataset_04_28_23,,mean_fill,sweeprand_log_inf,,,2,False,True,,,"[0.9, 0.1, 0.0]",True,1,4,80,0.0001,0.0,,[40],0.1,mse_log_and_mse_center_log,8,512,42,leaky,leaky,leaky,leaky,,False,False,True,"['AdjPCs(k=8, normalize=False, sign_net=True)']","['ContactDistance(norm=False)', 'MeanContactDistance(norm=False)', 'MeanContactDistance(norm=False, bonded=True)']",,,,,,False,meandist,"[8, 8, 8, 8]",weighted_GAT,"[1000, 1000, 64]",bilinear+fc-fill_512,"[1000, 1000, 1000, 1000, 1000, 1000]",sign_plus,energy_sym_diag,448.0,0.724,4.492,5.426,
478,dataset_09_10_23,,mean_fill,sweeprand_log_inf,log,,2,False,True,,,"[0.9, 0.1, 0.0]",True,1,4,80,0.0001,0.0,,[40],0.1,mse,8,512,42,leaky,leaky,leaky,leaky,,False,False,True,"['AdjPCs(k=8, normalize=False, sign_net=True)']","['ContactDistance(norm=False)', 'MeanContactDistance(norm=False)', 'MeanContactDistance(norm=False, bonded=True)']",,,,,,False,meandist,"[8, 8, 8, 8]",weighted_GAT,"[1000, 1000, 64]",bilinear+fc-fill_512,"[1000, 1000, 1000, 1000, 1000, 1000]",sign_plus,energy_diag,603.0,0.0,,,
479,dataset_09_11_23,,mean_fill,sweeprand_log_inf,log,,2,False,True,,,"[0.9, 0.1, 0.0]",True,1,4,80,0.0001,0.0,,[40],0.1,mse,8,512,42,leaky,leaky,leaky,leaky,,False,False,True,"['AdjPCs(k=8, normalize=False, sign_net=True)']","['ContactDistance(norm=False)', 'MeanContactDistance(norm=False)', 'MeanContactDistance(norm=False, bonded=True)']",,,,,,False,meandist,"[8, 8, 8, 8]",weighted_GAT,"[1000, 1000, 64]",bilinear+fc-fill_512,"[1000, 1000, 1000, 1000, 1000, 1000]",sign_plus,energy_sym_diag,600.0,0.464,,,
480,dataset_09_11_23,478,mean_fill,sweeprand_log_inf,log,,2,False,True,,,"[0.9, 0.1, 0.0]",True,1,4,80,0.0001,0.0,,[40],0.1,mse,8,512,42,leaky,leaky,leaky,leaky,,False,False,True,"['AdjPCs(k=8, normalize=False, sign_net=True)']","['ContactDistance(norm=False)', 'MeanContactDistance(norm=False)', 'MeanContactDistance(norm=False, bonded=True)']",,,,,,False,meandist,"[8, 8, 8, 8]",weighted_GAT,"[1000, 1000, 64]",bilinear+fc-fill_512,"[1000, 1000, 1000, 1000, 1000, 1000]",sign_plus,energy_sym_diag,612.0,0.456,,,
481,dataset_08_25_23,479,mean_fill,sweeprand_log_inf,log,,2,False,True,,,"[0.9, 0.1, 0.0]",True,1,4,80,0.0001,0.0,,[40],0.1,mse,8,512,42,leaky,leaky,leaky,leaky,,False,False,True,"['AdjPCs(k=8, normalize=False, sign_net=True)']","['ContactDistance(norm=False)', 'MeanContactDistance(norm=False)', 'MeanContactDistance(norm=False, bonded=True)']",,,,,,False,meandist,"[8, 8, 8, 8]",weighted_GAT,"[1000, 1000, 64]",bilinear+fc-fill_512,"[1000, 1000, 1000, 1000, 1000, 1000]",sign_plus,energy_sym_diag,385.0,0.581,2242.686,2146.416,
482,dataset_04_28_23,,mean_fill,sweeprand_log_inf,log,,2,False,True,,,"[0.9, 0.1, 0.0]",True,1,4,60,0.0001,0.0,,[30],0.1,mse,8,512,42,leaky,leaky,leaky,leaky,,False,False,True,"['AdjPCs(k=8, normalize=False, sign_net=True)']","['ContactDistance(norm=False)', 'MeanContactDistance(norm=False)', 'MeanContactDistance(norm=False, bonded=True)']",,,,,,True,subtract,"[8, 8, 8, 8]",weighted_GAT,"[1000, 1000, 64]",bilinear+fc-fill_512,"[1000, 1000, 1000, 1000, 1000, 1000]",sign_plus,energy_sym_diag,863.0,0.289,10.469,10.102,
483,dataset_08_25_23,480,mean_fill,sweeprand_log_inf,log,,2,False,True,,,"[0.9, 0.1, 0.0]",True,1,4,80,0.0001,0.0,,[40],0.1,mse,8,512,42,leaky,leaky,leaky,leaky,,False,False,True,"['AdjPCs(k=8, normalize=False, sign_net=True)']","['ContactDistance(norm=False)', 'MeanContactDistance(norm=False)', 'MeanContactDistance(norm=False, bonded=True)']",,,,,,False,meandist,"[8, 8, 8, 8]",weighted_GAT,"[1000, 1000, 64]",bilinear+fc-fill_512,"[1000, 1000, 1000, 1000, 1000, 1000]",sign_plus,energy_sym_diag,393.0,0.584,1978.757,1977.402,
484,dataset_04_28_23,,mean_fill,sweeprand_log_inf,log,,2,False,True,,,"[0.9, 0.1, 0.0]",True,1,4,80,0.0001,0.0,,[40],0.1,mse,8,512,42,leaky,leaky,leaky,leaky,,False,False,True,"['AdjPCs(k=8, normalize=False, sign_net=True)']","['ContactDistance(norm=False)', 'MeanContactDistance(norm=False)', 'MeanContactDistance(norm=False, bonded=True)']",,,,,,False,meandist,"[8, 8, 8, 8]",weighted_GAT,"[1000, 1000, 64]",bilinear+fc-fill_512,"[1000, 1000, 1000, 1000, 1000, 1000]",sign_plus,energy_sym_diag,481.0,0.271,9.601,8.707,
485,dataset_09_17_23,,mean_fill,sweeprand_log_inf,log,,2,False,True,,,"[0.9, 0.1, 0.0]",True,1,4,80,0.0001,0.0,,[40],0.1,mse,8,512,42,leaky,leaky,leaky,leaky,,False,False,True,"['AdjPCs(k=8, normalize=False, sign_net=True)']","['ContactDistance(norm=False)', 'MeanContactDistance(norm=False)', 'MeanContactDistance(norm=False, bonded=True)']",,,,,,False,meandist,"[8, 8, 8, 8]",weighted_GAT,"[1000, 1000, 64]",bilinear+fc-fill_512,"[1000, 1000, 1000, 1000, 1000, 1000]",sign_plus,energy_sym_diag,401.0,0.698,80.123,67.676,
486,dataset_09_17_23,434,mean_fill,sweeprand_log_inf,log,,2,False,True,,,"[0.9, 0.1, 0.0]",True,1,4,80,0.0001,0.0,,[40],0.1,mse,8,512,42,leaky,leaky,leaky,leaky,,False,False,True,"['AdjPCs(k=8, normalize=False, sign_net=True)']","['ContactDistance(norm=False)', 'MeanContactDistance(norm=False)', 'MeanContactDistance(norm=False, bonded=True)']",,,,,,False,meandist,"[8, 8, 8, 8]",weighted_GAT,"[1000, 1000, 64]",bilinear+fc-fill_512,"[1000, 1000, 1000, 1000, 1000, 1000]",sign_plus,energy_sym_diag,490.0,0.671,118.232,86.982,
487,dataset_09_19_23,,mean_fill,sweeprand_log_inf,log,,2,False,True,,,"[0.9, 0.1, 0.0]",True,1,4,80,0.0001,0.0,,[40],0.1,mse,8,512,42,leaky,leaky,leaky,leaky,,False,False,True,"['AdjPCs(k=8, normalize=False, sign_net=True)']","['ContactDistance(norm=False)', 'MeanContactDistance(norm=False)', 'MeanContactDistance(norm=False, bonded=True)']",,,,,,False,meandist,"[8, 8, 8, 8]",weighted_GAT,"[1000, 1000, 64]",bilinear+fc-fill_512,"[1000, 1000, 1000, 1000, 1000, 1000]",sign_plus,energy_sym_diag,391.0,0.712,,,
488,dataset_09_17_23-dataset_09_19_23,,mean_fill,sweeprand_log_inf,log,,2,False,True,,,"[0.9, 0.1, 0.0]",True,1,4,80,0.0001,0.0,,[40],0.1,mse,8,512,42,leaky,leaky,leaky,leaky,,False,False,True,"['AdjPCs(k=8, normalize=False, sign_net=True)']","['ContactDistance(norm=False)', 'MeanContactDistance(norm=False)', 'MeanContactDistance(norm=False, bonded=True)']",,,,,,False,meandist,"[8, 8, 8, 8]",weighted_GAT,"[1000, 1000, 64]",bilinear+fc-fill_512,"[1000, 1000, 1000, 1000, 1000, 1000]",sign_plus,energy_sym_diag,972.0,0.664,,,
489,dataset_09_19_23,485,mean_fill,sweeprand_log_inf,log,,2,False,True,,,"[0.9, 0.1, 0.0]",True,1,4,80,1e-05,0.0,,[40],0.1,mse,8,512,42,leaky,leaky,leaky,leaky,,False,False,True,"['AdjPCs(k=8, normalize=False, sign_net=True)']","['ContactDistance(norm=False)', 'MeanContactDistance(norm=False)', 'MeanContactDistance(norm=False, bonded=True)']",,,,,,False,meandist,"[8, 8, 8, 8]",weighted_GAT,"[1000, 1000, 64]",bilinear+fc-fill_512,"[1000, 1000, 1000, 1000, 1000, 1000]",sign_plus,energy_sym_diag,411.0,0.693,,,
490,dataset_09_25_23,,mean_fill,sweeprand_log_inf,log,,2,False,True,,,"[0.9, 0.1, 0.0]",True,1,4,80,1e-05,0.0,,[40],0.1,mse,8,512,42,leaky,leaky,leaky,leaky,,False,False,True,"['AdjPCs(k=8, normalize=False, sign_net=True)']","['ContactDistance(norm=False)', 'MeanContactDistance(norm=False)', 'MeanContactDistance(norm=False, bonded=True)']",,,,,,False,meandist,"[8, 8, 8, 8]",weighted_GAT,"[1000, 1000, 64]",bilinear+fc-fill_512,"[1000, 1000, 1000, 1000, 1000, 1000]",sign_plus,energy_sym_diag,855.0,0.434,,,
491,dataset_09_26_23,,mean_fill,sweeprand_log_inf,log,,2,False,True,,,"[0.9, 0.1, 0.0]",True,1,4,80,0.0001,0.0,,[40],0.1,mse,8,512,42,leaky,leaky,leaky,leaky,,False,False,True,"['AdjPCs(k=8, normalize=False, sign_net=True)']","['ContactDistance(norm=False)', 'MeanContactDistance(norm=False)', 'MeanContactDistance(norm=False, bonded=True)']",,,,,,False,meandist,"[8, 8, 8, 8]",weighted_GAT,"[1000, 1000, 64]",bilinear+fc-fill_512,"[1000, 1000, 1000, 1000, 1000, 1000]",sign_plus,energy_sym_diag,805.0,0.667,,,
492,dataset_09_25_23-dataset_09_26_23,,mean_fill,sweeprand_log_inf,log,,2,False,True,,,"[0.9, 0.1, 0.0]",True,1,4,80,0.0001,0.0,,[40],0.1,mse,8,512,42,leaky,leaky,leaky,leaky,,False,False,True,"['AdjPCs(k=8, normalize=False, sign_net=True)']","['ContactDistance(norm=False)', 'MeanContactDistance(norm=False)', 'MeanContactDistance(norm=False, bonded=True)']",,,,,,False,meandist,"[8, 8, 8, 8]",weighted_GAT,"[1000, 1000, 64]",bilinear+fc-fill_512,"[1000, 1000, 1000, 1000, 1000, 1000]",sign_plus,energy_sym_diag,805.0,,,,
493,dataset_09_26_23,,mean_fill,sweeprand_log_inf,log,,2,False,True,,,"[0.9, 0.1, 0.0]",True,1,4,80,1e-05,0.0,,[40],0.1,mse,8,512,42,leaky,leaky,leaky,leaky,,False,False,True,"['AdjPCs(k=8, normalize=False, sign_net=True)']","['ContactDistance(norm=False)', 'MeanContactDistance(norm=False)', 'MeanContactDistance(norm=False, bonded=True)']",,,,,,False,meandist,"[8, 8, 8, 8]",weighted_GAT,"[1000, 1000, 64]",bilinear+fc-fill_512,"[1000, 1000, 1000, 1000, 1000, 1000]",sign_plus,energy_sym_diag,1143.0,0.86,,,
494,dataset_09_26_23,490,mean_fill,sweeprand_log_inf,log,,2,False,True,,,"[0.9, 0.1, 0.0]",True,1,4,80,1e-05,0.0,,[40],0.1,mse,8,512,42,leaky,leaky,leaky,leaky,,False,False,True,"['AdjPCs(k=8, normalize=False, sign_net=True)']","['ContactDistance(norm=False)', 'MeanContactDistance(norm=False)', 'MeanContactDistance(norm=False, bonded=True)']",,,,,,False,meandist,"[8, 8, 8, 8]",weighted_GAT,"[1000, 1000, 64]",bilinear+fc-fill_512,"[1000, 1000, 1000, 1000, 1000, 1000]",sign_plus,energy_sym_diag,1072.0,0.781,,,
495,dataset_09_25_23-dataset_09_26_23,,mean_fill,sweeprand_log_inf,log,,2,False,True,,,"[0.9, 0.1, 0.0]",True,1,4,80,1e-05,0.0,,[40],0.1,mse,8,512,42,leaky,leaky,leaky,leaky,,False,False,True,"['AdjPCs(k=8, normalize=False, sign_net=True)']","['ContactDistance(norm=False)', 'MeanContactDistance(norm=False)', 'MeanContactDistance(norm=False, bonded=True)']",,,,,,False,meandist,"[8, 8, 8, 8]",weighted_GAT,"[1000, 1000, 64]",bilinear+fc-fill_512,"[1000, 1000, 1000, 1000, 1000, 1000]",sign_plus,energy_sym_diag,1072.0,,,,
